condicion,ambito,valor
Educación emprendedora (etapa escolar),Extremadura,2.8
Educación emprendedora (etapa escolar),España,2.3
Educación emprendedora (etapa escolar),Unión Europea,3.4
Normas sociales y culturales,Extremadura,3.8
Normas sociales y culturales,España,4.1
Normas sociales y culturales,Unión Europea,4.6
Financiación para emprendedores,Extremadura,3.9
Financiación para emprendedores,España,4.0
Financiación para emprendedores,Unión Europea,4.7
Barreras de acceso al mercado interno,Extremadura,4.3
Barreras de acceso al mercado interno,España,3.8
Barreras de acceso al mercado interno,Unión Europea,4.6
Facilidad de acceso a la financiación,Extremadura,4.4
Facilidad de acceso a la financiación,España,3.8
Facilidad de acceso a la financiación,Unión Europea,4.5
Políticas gubernamentales (burocracia e impuestos),Extremadura,4.5
Políticas gubernamentales (burocracia e impuestos),España,3.8
Políticas gubernamentales (burocracia e impuestos),Unión Europea,4.5
Educación emprendedora (etapa post),Extremadura,4.8
Educación emprendedora (etapa post),España,4.2
Educación emprendedora (etapa post),Unión Europea,4.2
Transferencia de I+D,Extremadura,4.8
Transferencia de I+D,España,5.1
Transferencia de I+D,Unión Europea,4.9
Dinámica del mercado interno,Extremadura,4.8
Dinámica del mercado interno,España,4.6
Dinámica del mercado interno,Unión Europea,5.3
Acceso a infraestructura comercial y profesional,Extremadura,5.3
Acceso a infraestructura comercial y profesional,España,3.3
Acceso a infraestructura comercial y profesional,Unión Europea,3.9
Políticas gubernamentales (prioridad y apoyo),Extremadura,5.3
Políticas gubernamentales (prioridad y apoyo),España,6.0
Políticas gubernamentales (prioridad y apoyo),Unión Europea,5.6
Acceso a infraestructura física y de servicios,Extremadura,6.2
Acceso a infraestructura física y de servicios,España,6.7
Acceso a infraestructura física y de servicios,Unión Europea,6.5
Programas gubernamentales,Extremadura,6.6
Programas gubernamentales,España,5.1
Programas gubernamentales,Unión Europea,4.9
